file,mark
00270.png,1
00271.png,0
00272.png,0
00273.png,0
00274.png,0
00275.png,0
00276.png,0
00277.png,0
00278.png,0
00279.png,0
00280.png,0
00281.png,0
00282.png,0
00283.png,0
00284.png,0
00285.png,0
00286.png,0
00287.png,0
00288.png,0
00289.png,0
00290.png,0
00291.png,0
00292.png,0
00293.png,1
00294.png,0
00295.png,0
00296.png,0
00297.png,0
00298.png,0
00299.png,0
00300.png,0
00301.png,0
00302.png,0
00303.png,0
00304.png,0
00305.png,0
00306.png,0
00307.png,0
00308.png,0
00309.png,0
00310.png,0
00311.png,0
00312.png,0
00313.png,0
00314.png,0
00315.png,0
00316.png,0
00317.png,0
00318.png,0
00319.png,0
00320.png,0
00321.png,1
00322.png,0
00323.png,0
00324.png,0
00325.png,0
00326.png,0
00327.png,0
00328.png,0
00329.png,0
00330.png,0
00331.png,0
00332.png,0
00333.png,0
00334.png,0
00335.png,0
00336.png,0
00337.png,0
00338.png,0
00339.png,0
00340.png,0
00341.png,0
00342.png,0
00343.png,0
00344.png,0
00345.png,1
00346.png,0
00347.png,0
00348.png,0
00349.png,0
00350.png,0
00351.png,0
00352.png,0
00353.png,0
00354.png,0
00355.png,0
00356.png,0
00357.png,0
00358.png,0
00359.png,0
00360.png,0
00361.png,0
00362.png,0
00363.png,0
00364.png,0
00365.png,0
00366.png,0
00367.png,0
00368.png,0
00369.png,1
00370.png,0
00371.png,0
00372.png,0
00373.png,0
00374.png,0
00375.png,0
00376.png,0
00377.png,0
00378.png,0
00379.png,0
00380.png,0
00381.png,0
00382.png,0
00383.png,0
00384.png,0
00385.png,0
00386.png,0
00387.png,0
00388.png,0
00389.png,0
00390.png,0
00391.png,0
00392.png,0
00393.png,1
00394.png,0
00395.png,0
00396.png,0
00397.png,0
00398.png,0
00399.png,0
00400.png,0
00401.png,0
00402.png,0
00403.png,0
00404.png,0
00405.png,0
00406.png,0
00407.png,0
00408.png,0
00409.png,0
00410.png,0
00411.png,0
00412.png,0
00413.png,0
00414.png,0
00415.png,0
00416.png,0
00417.png,0
00418.png,0
00419.png,1
00420.png,0
00421.png,0
00422.png,0
00423.png,0
00424.png,0
00425.png,0
00426.png,0
00427.png,0
00428.png,0
00429.png,0
00430.png,0
00431.png,0
00432.png,0
00433.png,0
00434.png,0
00435.png,0
00436.png,0
00437.png,0
00438.png,0
00439.png,0
00440.png,0
00441.png,0
00442.png,0
00443.png,1
00444.png,0
00445.png,0
00446.png,0
00447.png,0
00448.png,0
00449.png,0
00450.png,0
00451.png,0
00452.png,0
00453.png,0
00454.png,0
00455.png,0
00456.png,0
00457.png,0
00458.png,0
00459.png,0
00460.png,0
00461.png,0
00462.png,0
00463.png,0
00464.png,0
00465.png,0
00466.png,0
00467.png,0
00468.png,0
00469.png,1
00470.png,0
00471.png,0
00472.png,0
00473.png,0
00474.png,0
00475.png,0
00476.png,0
00477.png,0
00478.png,0
00479.png,0
00480.png,0
00481.png,0
00482.png,0
00483.png,0
00484.png,0
00485.png,0
00486.png,0
00487.png,0
00488.png,0
00489.png,0
00490.png,0
00491.png,0
00492.png,1
00493.png,0
00494.png,0
00495.png,0
00496.png,0
00497.png,0
00498.png,0
00499.png,0
00500.png,0
00501.png,0
00502.png,0
00503.png,0
00504.png,0
00505.png,0
00506.png,0
00507.png,0
00508.png,0
00509.png,0
00510.png,0
00511.png,0
00512.png,0
00513.png,0
00514.png,0
00515.png,0
00516.png,0
00517.png,0
00518.png,1
00519.png,0
00520.png,0
00521.png,0
00522.png,0
00523.png,0
00524.png,0
00525.png,0
00526.png,0
00527.png,0
00528.png,0
00529.png,0
00530.png,0
00531.png,0
00532.png,0
00533.png,0
00534.png,0
00535.png,0
00536.png,0
00537.png,0
00538.png,0
00539.png,0
00540.png,0
00541.png,0
00542.png,0
00543.png,1
00544.png,0
00545.png,0
00546.png,0
00547.png,0
00548.png,0
00549.png,0
00550.png,0
00551.png,0
00552.png,0
00553.png,0
00554.png,0
00555.png,0
00556.png,0
00557.png,0
00558.png,0
00559.png,0
00560.png,0
00561.png,0
00562.png,0
00563.png,0
00564.png,0
00565.png,0
00566.png,0
00567.png,0
00568.png,1
00569.png,0
00570.png,0
00571.png,0
00572.png,0
00573.png,0
00574.png,0
00575.png,0
00576.png,0
00577.png,0
00578.png,0
00579.png,0
00580.png,0
00581.png,0
00582.png,0
00583.png,0
00584.png,0
00585.png,0
00586.png,0
00587.png,0
00588.png,0
00589.png,0
00590.png,0
00591.png,0
00592.png,0
00593.png,0
00594.png,1
00595.png,0
00596.png,0
00597.png,0
00598.png,0
00599.png,0
00600.png,0
00601.png,0
00602.png,0
00603.png,0
00604.png,0
00605.png,0
00606.png,0
00607.png,0
00608.png,0
00609.png,0
00610.png,0
00611.png,0
00612.png,0
00613.png,0
00614.png,0
00615.png,0
00616.png,0
00617.png,0
00618.png,1
00619.png,0
00620.png,0
00621.png,0
00622.png,0
00623.png,0
00624.png,0
00625.png,0
00626.png,0
00627.png,0
00628.png,0
00629.png,0
00630.png,0
00631.png,0
00632.png,0
00633.png,0
00634.png,0
00635.png,0
00636.png,0
00637.png,0
00638.png,0
00639.png,0
00640.png,0
00641.png,0
00642.png,0
00643.png,1
00644.png,0
00645.png,0
00646.png,0
00647.png,0
00648.png,0
00649.png,0
00650.png,0
00651.png,0
00652.png,0
00653.png,0
00654.png,0
00655.png,0
00656.png,0
00657.png,0
00658.png,0
00659.png,0
00660.png,0
00661.png,0
00662.png,0
00663.png,0
00664.png,0
00665.png,0
00666.png,0
00667.png,0
00668.png,1
00669.png,0
00670.png,0
00671.png,0
00672.png,0
00673.png,0
00674.png,0
00675.png,0
00676.png,0
00677.png,0
00678.png,0
00679.png,0
00680.png,0
00681.png,0
00682.png,0
00683.png,0
00684.png,0
00685.png,0
00686.png,0
00687.png,0
00688.png,0
00689.png,0
00690.png,0
00691.png,0
00692.png,1
00693.png,0
00694.png,0
00695.png,0
00696.png,0
00697.png,0
00698.png,0
00699.png,0
00700.png,0
00701.png,0
00702.png,0
00703.png,0
00704.png,0
00705.png,0
00706.png,0
00707.png,0
00708.png,0
00709.png,0
00710.png,0
00711.png,0
00712.png,0
00713.png,0
00714.png,0
00715.png,1
00716.png,0
00717.png,0
00718.png,0
00719.png,0
00720.png,0
00721.png,0
00722.png,0
00723.png,0
00724.png,0
00725.png,0
00726.png,0
00727.png,0
00728.png,0
00729.png,0
00730.png,0
00731.png,0
00732.png,0
00733.png,0
00734.png,0
00735.png,0
00736.png,0
00737.png,0
00738.png,1
00739.png,0
00740.png,0
00741.png,0
00742.png,0
00743.png,0
00744.png,0
00745.png,0
00746.png,0
00747.png,0
00748.png,0
00749.png,0
00750.png,0
00751.png,0
00752.png,0
00753.png,0
00754.png,0
00755.png,0
00756.png,0
00757.png,0
00758.png,0
00759.png,0
00760.png,0
00761.png,1
00762.png,0
00763.png,0
00764.png,0
00765.png,0
00766.png,0
00767.png,0
00768.png,0
00769.png,0
00770.png,0
00771.png,0
00772.png,0
00773.png,0
00774.png,0
00775.png,0
00776.png,0
00777.png,0
00778.png,0
00779.png,0
00780.png,0
00781.png,0
00782.png,0
00783.png,0
00784.png,0
00785.png,0
00786.png,1
00787.png,0
00788.png,0
00789.png,0
00790.png,0
00791.png,0
00792.png,0
00793.png,0
00794.png,0
00795.png,0
00796.png,0
00797.png,0
00798.png,0
00799.png,0
00800.png,0
00801.png,0
00802.png,0
00803.png,0
00804.png,0
00805.png,0
00806.png,0
00807.png,0
00808.png,0
00809.png,0
00810.png,1
00811.png,0
00812.png,0
00813.png,0
00814.png,0
00815.png,0
00816.png,0
00817.png,0
00818.png,0
00819.png,0
00820.png,0
00821.png,0
00822.png,0
00823.png,0
00824.png,0
00825.png,0
00826.png,0
00827.png,0
00828.png,0
00829.png,0
00830.png,0
00831.png,0
00832.png,0
00833.png,0
00834.png,0
00835.png,1
00836.png,0
00837.png,0
00838.png,0
00839.png,0
00840.png,0
00841.png,0
00842.png,0
00843.png,0
00844.png,0
00845.png,0
00846.png,0
00847.png,0
00848.png,0
00849.png,0
00850.png,0
00851.png,0
00852.png,0
00853.png,0
00854.png,0
00855.png,0
00856.png,1
00857.png,0
00858.png,0
00859.png,0
00860.png,0
00861.png,0
00862.png,0
00863.png,0
00864.png,0
00865.png,0
00866.png,0
00867.png,0
00868.png,0
00869.png,0
00870.png,0
00871.png,0
00872.png,0
00873.png,0
00874.png,0
00875.png,0
00876.png,0
00877.png,0
00878.png,1
00879.png,0
00880.png,0
00881.png,0
00882.png,0
00883.png,0
00884.png,0
00885.png,0
00886.png,0
00887.png,0
00888.png,0
00889.png,0
00890.png,0
00891.png,0
00892.png,0
00893.png,0
00894.png,0
00895.png,0
00896.png,0
00897.png,0
00898.png,0
00899.png,0
00900.png,0
00901.png,1
00902.png,0
00903.png,0
00904.png,0
00905.png,0
00906.png,0
00907.png,0
00908.png,0
00909.png,0
00910.png,0
00911.png,0
00912.png,0
00913.png,0
00914.png,0
00915.png,0
00916.png,0
00917.png,0
00918.png,0
00919.png,0
00920.png,0
00921.png,0
00922.png,0
00923.png,0
00924.png,0
00925.png,0
00926.png,1
00927.png,0
00928.png,0
00929.png,0
00930.png,0
00931.png,0
00932.png,0
00933.png,0
00934.png,0
00935.png,0
00936.png,0
00937.png,0
00938.png,0
00939.png,0
00940.png,0
00941.png,0
00942.png,0
00943.png,0
00944.png,0
00945.png,0
00946.png,0
00947.png,0
00948.png,0
00949.png,0
00950.png,1
00951.png,0
00952.png,0
00953.png,0
00954.png,0
00955.png,0
00956.png,0
00957.png,0
00958.png,0
00959.png,0
00960.png,0
00961.png,0
00962.png,0
00963.png,0
00964.png,0
00965.png,0
00966.png,0
00967.png,0
00968.png,0
00969.png,0
00970.png,0
00971.png,0
00972.png,1
00973.png,0
00974.png,0
00975.png,0
00976.png,0
00977.png,0
00978.png,0
00979.png,0
00980.png,0
00981.png,0
00982.png,0
00983.png,0
00984.png,0
00985.png,0
00986.png,0
00987.png,0
00988.png,0
00989.png,0
00990.png,0
00991.png,0
00992.png,0
00993.png,0
00994.png,0
00995.png,0
00996.png,0
00997.png,1
00998.png,0
00999.png,0
01000.png,0
01001.png,0
01002.png,0
01003.png,0
01004.png,0
01005.png,0
01006.png,0
01007.png,0
01008.png,0
01009.png,0
01010.png,0
01011.png,0
01012.png,0
01013.png,0
01014.png,0
01015.png,0
01016.png,0
01017.png,0
01018.png,0
01019.png,0
01020.png,0
01021.png,1
01022.png,0
01023.png,0
01024.png,0
01025.png,0
01026.png,0
01027.png,0
01028.png,0
01029.png,0
01030.png,0
01031.png,0
01032.png,0
01033.png,0
01034.png,0
01035.png,0
01036.png,0
01037.png,0
01038.png,0
01039.png,0
01040.png,0
01041.png,0
01042.png,0
01043.png,1
01044.png,0
01045.png,0
01046.png,0
01047.png,0
01048.png,0
01049.png,0
01050.png,0
01051.png,0
01052.png,0
01053.png,0
01054.png,0
01055.png,0
01056.png,0
01057.png,0
01058.png,0
01059.png,0
01060.png,0
01061.png,0
01062.png,0
01063.png,0
01064.png,0
01065.png,0
01066.png,0
01067.png,1
01068.png,0
01069.png,0
01070.png,0
01071.png,0
01072.png,0
01073.png,0
01074.png,0
01075.png,0
01076.png,0
01077.png,0
01078.png,0
01079.png,0
01080.png,0
01081.png,0
01082.png,0
01083.png,0
01084.png,0
01085.png,0
01086.png,0
01087.png,0
01088.png,0
01089.png,0
01090.png,0
01091.png,1
01092.png,0
01093.png,0
01094.png,0
01095.png,0
01096.png,0
01097.png,0
01098.png,0
01099.png,0
01100.png,0
01101.png,0
01102.png,0
01103.png,0
01104.png,0
01105.png,0
01106.png,0
01107.png,0
01108.png,0
01109.png,0
01110.png,0
01111.png,0
01112.png,0
01113.png,1
01114.png,0
01115.png,0
01116.png,0
01117.png,0
01118.png,0
01119.png,0
01120.png,0
01121.png,0
01122.png,0
01123.png,0
01124.png,0
01125.png,0
01126.png,0
01127.png,0
01128.png,0
01129.png,0
01130.png,0
01131.png,0
01132.png,0
01133.png,0
01134.png,0
01135.png,0
01136.png,1
01137.png,0
01138.png,0
01139.png,0
01140.png,0
01141.png,0
01142.png,0
01143.png,0
01144.png,0
01145.png,0
01146.png,0
01147.png,0
01148.png,0
01149.png,0
01150.png,0
01151.png,0
01152.png,0
01153.png,0
01154.png,0
01155.png,0
01156.png,0
01157.png,0
01158.png,0
01159.png,0
01160.png,0
01161.png,0
01162.png,1
01163.png,0
01164.png,0
01165.png,0
01166.png,0
01167.png,0
01168.png,0
01169.png,0
01170.png,0
01171.png,0
01172.png,0
01173.png,0
01174.png,0
01175.png,0
01176.png,0
01177.png,0
01178.png,0
01179.png,0
01180.png,0
01181.png,0
01182.png,0
01183.png,0
01184.png,0
01185.png,0
01186.png,0
01187.png,1
01188.png,0
01189.png,0
01190.png,0
01191.png,0
01192.png,0
01193.png,0
01194.png,0
01195.png,0
01196.png,0
01197.png,0
01198.png,0
01199.png,0
01200.png,0
01201.png,0
01202.png,0
01203.png,0
01204.png,0
01205.png,0
01206.png,0
01207.png,0
01208.png,1
01209.png,0
01210.png,0
01211.png,0
01212.png,0
01213.png,0
01214.png,0
01215.png,0
01216.png,0
01217.png,0
01218.png,0
01219.png,0
01220.png,0
01221.png,0
01222.png,0
01223.png,0
01224.png,0
01225.png,0
01226.png,0
01227.png,0
01228.png,0
01229.png,0
01230.png,0
01231.png,0
01232.png,0
01233.png,1
01234.png,0
01235.png,0
01236.png,0
01237.png,0
01238.png,0
01239.png,0
01240.png,0
01241.png,0
01242.png,0
01243.png,0
01244.png,0
01245.png,0
01246.png,0
01247.png,0
01248.png,0
01249.png,0
01250.png,0
01251.png,0
01252.png,0
01253.png,0
01254.png,0
01255.png,0
01256.png,0
01257.png,1
01258.png,0
01259.png,0
01260.png,0
01261.png,0
01262.png,0
01263.png,0
01264.png,0
01265.png,0
01266.png,0
01267.png,0
01268.png,0
01269.png,0
01270.png,0
01271.png,0
01272.png,0
01273.png,0
01274.png,0
01275.png,0
01276.png,0
01277.png,0
01278.png,0
01279.png,0
01280.png,0
01281.png,1
01282.png,0
01283.png,0
01284.png,0
01285.png,0
01286.png,0
01287.png,0
01288.png,0
01289.png,0
01290.png,0
01291.png,0
01292.png,0
01293.png,0
01294.png,0
01295.png,0
01296.png,0
01297.png,0
01298.png,0
01299.png,0
01300.png,0
01301.png,0
01302.png,0
01303.png,0
01304.png,1
01305.png,0
01306.png,0
01307.png,0
01308.png,0
01309.png,0
01310.png,0
01311.png,0
01312.png,0
01313.png,0
01314.png,0
01315.png,0
01316.png,0
01317.png,0
01318.png,0
01319.png,0
01320.png,0
01321.png,0
01322.png,0
01323.png,0
01324.png,0
01325.png,0
01326.png,0
01327.png,0
01328.png,1
01329.png,0
01330.png,0
01331.png,0
01332.png,0
01333.png,0
01334.png,0
01335.png,0
01336.png,0
01337.png,0
01338.png,0
01339.png,0
01340.png,0
01341.png,0
01342.png,0
01343.png,0
01344.png,0
01345.png,0
01346.png,0
01347.png,0
01348.png,0
01349.png,0
01350.png,0
01351.png,1
01352.png,0
01353.png,0
01354.png,0
01355.png,0
01356.png,0
01357.png,0
01358.png,0
01359.png,0
01360.png,0
01361.png,0
01362.png,0
01363.png,0
01364.png,0
01365.png,0
01366.png,0
01367.png,0
01368.png,0
01369.png,0
01370.png,0
01371.png,0
01372.png,0
01373.png,0
01374.png,1
01375.png,0
01376.png,0
01377.png,0
01378.png,0
01379.png,0
01380.png,0
01381.png,0
01382.png,0
01383.png,0
01384.png,0
01385.png,0
01386.png,0
01387.png,0
01388.png,0
01389.png,0
01390.png,0
01391.png,0
01392.png,0
01393.png,0
01394.png,0
01395.png,0
01396.png,0
01397.png,0
01398.png,0
01399.png,1
